,4_s1,8_s1,16_s1,32_s1,4_s2,8_s2,16_s2,32_s2,4_s3,8_s3,16_s3,32_s3
0,1.453897099745901,1.398045351630763,1.4268565805334794,1.46011021262721,1.3912246290006136,1.428243216715361,1.415700548573544,1.4452936900289435,1.395816307318838,1.420640932886224,1.4116381406784058,1.427482052853233
1,1.3790066869635331,1.3728194801430953,1.3796265627208508,1.3763982559505261,1.3817189680902582,1.3817019211618524,1.383115617852462,1.3820651644154598,1.3773182693280672,1.3734756331694753,1.3788547264902216,1.3779894176282381
2,1.361535248003508,1.3398675730353908,1.3535836495851215,1.369808830712971,1.3765331004795276,1.3708157539367676,1.3739458887200606,1.3793250573308844,1.3621426695271541,1.3480459388933683,1.345662938921075,1.362033398527848
3,1.347698726152119,1.282223707751224,1.3125381595210026,1.357533197653921,1.3627267511267411,1.350899012465226,1.3619420591153597,1.36702771563279,1.3491251092208059,1.3165123588160466,1.3037944843894558,1.3515841584456594
4,1.3285443218130815,1.2126241545928151,1.2437762523952283,1.352466765202974,1.3475657387783653,1.3100558456621672,1.3577211342359845,1.3571121880882664,1.3225958410062288,1.2637188560084294,1.2255002824883712,1.3127895719126652
5,1.309820532798767,1.1438119725177163,1.175153832686575,1.2917223980552273,1.3329720873581736,1.248646340872112,1.3157668427417153,1.324775915396841,1.2938845973265798,1.212812210384168,1.1612734355424579,1.2594862988120632
6,1.2936702715723138,1.086619628103156,1.101579885733755,1.2392124251315468,1.3303867453023006,1.1988540699607448,1.2670640318017257,1.2769172693553723,1.2707257019846063,1.165442002447028,1.087080911586159,1.1849426093854403
7,1.2633270966379266,1.0057563248433565,1.0578995472506474,1.1557673341349552,1.2917382089715255,1.158179477641457,1.209041344492059,1.2448729213915373,1.2547542672408254,1.10211980342865,1.0010031649940891,1.1501132438057347
8,1.2435592350206877,0.9289572772226835,0.9642434308403417,1.081263150039472,1.2483582998576916,1.0754063003941585,1.1072177635995966,1.1743200264478986,1.2322000014154535,1.0348651503261768,0.9375809556559512,1.0710659089841341
9,1.2271906074724699,0.8654302986044633,0.886036681501489,0.9676451745786165,1.2226900552448474,1.0070999735280086,1.005029166999616,1.116486944650349,1.2245961615913792,0.9770124648746691,0.8705738249577974,0.9856584260338231
10,1.1992936510788768,0.787962584119094,0.820861678374441,0.9277429706171939,1.1858549619975842,0.9215123151478014,0.93819638929869,1.0054225294213546,1.1917084016297992,0.9292364089112533,0.7399250080710963,0.8081251586738386
11,1.1639612034747475,0.7043499601514716,0.705526003712102,0.8093843962016859,1.1550799670972323,0.8683735445926064,0.7985405859194303,0.9155246709522448,1.1633681372592324,0.8127876614269457,0.6459178799077084,0.7196240832931117
12,1.1281552502983494,0.6294102606020475,0.6005017412336249,0.6832903372614008,1.1213508279700029,0.7628701235118666,0.6553712361737302,0.865180680626317,1.113984879694487,0.7520688678088941,0.5347592226768795,0.6600988852350336
13,1.0932845818369012,0.5909875270567442,0.5152613316711626,0.620261455837049,1.081085951704728,0.6951802247448972,0.5669157128585013,0.7007269263267517,1.0880878818662543,0.6942478606575414,0.5118295613088106,0.5881062134316093
14,1.0764788577431126,0.515276529287037,0.44024497270584106,0.536495527154521,1.0491595958408557,0.6018910862897572,0.5184208907579121,0.5802234991600639,1.0665103824515092,0.6345686285119307,0.42424256864346954,0.3895953799548902
15,1.0323395603581478,0.46368943390093353,0.3295482773529856,0.41964434479412277,1.0063361494164718,0.5289131873532346,0.43016311996861506,0.44016214264066594,1.0349492524799548,0.539061891405206,0.31987632575787994,0.3296463536588769
16,1.0464466653372113,0.4006793577420084,0.24492018081639944,0.2605744443441692,0.9652087531591717,0.45263966447428655,0.34507642372658376,0.33888422972277593,1.0236229739691083,0.5485800802707672,0.2197072231455853,0.28594860983522313
17,0.9903529976543627,0.3727569172256871,0.2158196686129821,0.18839858786055916,0.9331561609318382,0.3892401441147453,0.2929976308032086,0.25990596570466695,0.9723653103175917,0.48423575884417486,0.20665095981798673,0.18854092963432012
18,0.9717526749560708,0.33848923758456584,0.22567629892575114,0.27693626480667216,0.9154356216129503,0.3373633129032035,0.2174650803208351,0.26702045453222173,0.9210013151168823,0.3846599773356789,0.18940584361553192,0.1587032130674312
19,0.9003309074201082,0.28269730665181814,0.18912661467727862,0.18663113015262703,0.8675303365054884,0.28027823645817607,0.1591441486226885,0.21163687894218847,0.9179164139848006,0.3174010264246087,0.15403828260145688,0.16467395660124326
20,0.8705740790618094,0.23681953863093727,0.16441152009524798,0.110190749168396,0.8205901478466234,0.2435342002856104,0.13192288852051684,0.14091756234043523,0.8807350804931239,0.2830498265592675,0.12391842940920278,0.14014819617334165
21,0.8272657112071389,0.22436407482937762,0.1460801998251363,0.06917560443674263,0.7737174598794234,0.22032016829440468,0.09076671655240812,0.09009044970336713,0.8211205005645752,0.25235666256201894,0.07418400362918251,0.1506587264961318
22,0.8096233167146382,0.22418696080383502,0.09813811198661201,0.04264956251963189,0.7316046890459562,0.1792854725530273,0.08961426603950952,0.04135052153938695,0.7875698679371884,0.20989113575533816,0.06989234568257081,0.2218443429783771
23,0.7613598892563268,0.15618789941072464,0.095750724014483,0.04400746308659252,0.7100924598543268,0.14020430963290365,0.08019261709169338,0.03107576871192769,0.7563599850002088,0.15784534694332825,0.07042464672734863,0.10984640411640469
24,0.7514754000462984,0.15518783777952194,0.08811099219479059,0.11421412856955278,0.6688757476053739,0.14286828315571734,0.0707636130483527,0.05806833696796706,0.6971095110240736,0.15062553866913445,0.04539639326302629,0.06723549256199285
25,0.7117021868103429,0.0964760223501607,0.08354968979562584,0.08680248731061031,0.6251131249101538,0.10865177567067899,0.11853264732972572,0.2495822537886469,0.6849399271764254,0.21109467117409958,0.11591396598439467,0.046164878496998234
26,0.6396357636702689,0.11012877955248482,0.04820848344580123,0.07917093132671557,0.5678501254633853,0.12671316571925817,0.08634871989488602,0.11902910902311928,0.6778025470281902,0.16680272864667992,0.1530637415616136,0.025536195522076206
27,0.5929928986649764,0.13570628354423925,0.033597783038490696,0.07873524784257538,0.5459975098308764,0.1573207958748466,0.08875750279740284,0.1469310771085714,0.6377542834532889,0.13973734096476906,0.1228934855837571,0.01819602694166334
28,0.561657356588464,0.20212596105901817,0.013619649910220974,0.061675837361498884,0.5142814485650313,0.10755918018127743,0.06504777799311437,0.05240291896227159,0.5697061733195656,0.13295138940999382,0.09148236736655235,0.02843021508306265
29,0.5490541160106659,0.0917715830238242,0.0071519467930652595,0.06887196367116351,0.4606386156458604,0.08043320790717476,0.08541520204591124,0.02613505946570321,0.5378461386028089,0.11510482881414263,0.04664584523753116,0.05845066792282619
30,0.5026696528259077,0.05557627426950555,0.008376627523255976,0.06069643947442895,0.39862266026045146,0.04933039138191625,0.15203671333821198,0.02208323315962365,0.4821541748548809,0.05903585539444497,0.030047194444035228,0.04350706297708185
31,0.44085297459050227,0.028601223749941902,0.01138839755501402,0.0333799920780094,0.4039744766134965,0.047667714424039186,0.11609283697448279,0.027875368483364582,0.46897430639517934,0.05489377951935718,0.06419818593483222,0.03450814619856445
32,0.4036173757753874,0.01890547750027556,0.02476856166398839,0.016509244586095997,0.37158099914851944,0.03410723736803783,0.08718778163586792,0.037072795247168916,0.4324107970062055,0.08897317161685542,0.04095970721621262,0.024652887772964805
33,0.3700792499278721,0.01699989901757554,0.016428860124984856,0.02105749687670093,0.3515731017840536,0.0415711300937753,0.04811836514425905,0.019380474021952403,0.43644071723285477,0.10741739092688811,0.0299695865006039,0.011024163031068287
34,0.33693260895578486,0.016225028881116918,0.014566805213689804,0.019691536325569216,0.3199022843649513,0.03459804720784489,0.036384952744763145,0.007432284201250265,0.4422133361038409,0.1792222410440445,0.07460793646934785,0.006852151017243925
35,0.3281022702392779,0.04246076323876256,0.02883790570654367,0.01903087572243653,0.33520383113308955,0.06052253826668388,0.0241834659521517,0.0027664149437393796,0.4003864934569911,0.1647423976346066,0.0404686023922343,0.007350631003071995
36,0.341660948176133,0.031427125201413504,0.020054934497334455,0.008848655490988963,0.28357836917827006,0.060804205015301704,0.013045007313944791,0.0030014602050773406,0.34551360889485006,0.10344135604406658,0.0208384269652398,0.03765593993624574
37,0.29826610104033824,0.021410856984163586,0.022200011991356548,0.0038874324864560834,0.2422504197610052,0.11058042845443676,0.005991441222201837,0.0023128671240747758,0.30167145948661,0.082317910304195,0.010559450271294304,0.016385992302706365
38,0.24625541661915026,0.014819380925282052,0.10429772288587533,0.002978790223622989,0.1979338714950963,0.1421208642423153,0.003077854794499121,0.0028778236530917255,0.28438348440747513,0.04929081291744584,0.00863615303349338,0.006559831592695494
39,0.2637867472673717,0.015066052468395546,0.1357986048648232,0.005283669685013592,0.17299005075504906,0.12235464587023384,0.00364262434212785,0.001424238536090247,0.259861359470769,0.03968425095081329,0.004640684021930946,0.0037823241130497897
40,0.2515571195828287,0.009189350800098557,0.13315663133796893,0.03162409499361131,0.15750599338820107,0.09655859713491641,0.006575864874512742,0.0011614268572118721,0.22568980486769424,0.02983342787544978,0.003994161967727307,0.002223485158633833
41,0.22047452550185354,0.006452335387860474,0.09120554731864679,0.015719105526314753,0.14998929908401087,0.09576598868558281,0.010049409220779413,0.0008457146468572319,0.20993709250500328,0.015928290441240136,0.0025339001654892377,0.002493175867895939
42,0.25462672114372253,0.005386239334352706,0.09107377184064765,0.011512188718801266,0.13346862910609497,0.0800310674270517,0.0065157798878652485,0.0011096808195457254,0.20287330997617622,0.012486489587708524,0.0018322138471136753,0.001564236054515564
43,0.2268077237041373,0.005617989484514845,0.03973445742342033,0.019576998917680038,0.11133792800338645,0.05710680890632303,0.0033003400741635183,0.000996550532842153,0.18009900340908452,0.011763810229144599,0.0016573946187762839,0.0010190506061342986
44,0.20796909614613182,0.009966369350685886,0.022822960941611153,0.04523001106357888,0.10876588876310148,0.0268485545131721,0.003088925223748543,0.0009165919143829102,0.1720242861070131,0.02254981577004257,0.0029967495785584966,0.0014601757483385307
45,0.17456367847166562,0.019398896121665052,0.018320736634594045,0.047312050959781596,0.09500602966076449,0.013404117161898236,0.004116444162240154,0.0006339887285752124,0.17539837485865542,0.014836927924893405,0.0030392526011717947,0.0020465966908408233
46,0.12961193213337346,0.20836666265600606,0.03186798992713815,0.07823861358491213,0.11331854290083836,0.009560020125814174,0.006880848545973238,0.0006957009716547633,0.17262781136914304,0.008114856765850595,0.0040743537859893155,0.004398590591000884
47,0.10170408848084901,0.2500850170066482,0.01398364755349528,0.08480582954852205,0.12324236843146776,0.010663222472526525,0.039108497127400416,0.0008241142357675065,0.14598411439280762,0.00656841413461064,0.0034848006540223173,0.008118028372624203
48,0.08991282041135587,0.14606170297453278,0.006425838169984911,0.0504523981852751,0.09713650181105263,0.012837546755020557,0.06075113227492884,0.0007006982157595063,0.13984195064557225,0.004649101682987653,0.015458752309266282,0.019683440013690608
49,0.07820572311940946,0.05657413239149671,0.004996364966868178,0.028546567246513933,0.08254594022506162,0.024752633106943808,0.06511000690883711,0.0019648490874954547,0.14657272280831085,0.0036097275656893067,0.02449502756721095,0.014855525437987557
50,0.08108423356162875,0.03238490763071336,0.0027785304210785973,0.03991217323039707,0.07153060483305078,0.012723477361233611,0.026048702334887104,0.005435619325573115,0.135985367000103,0.003477020311708513,0.03570579230099132,0.011230768366275649
51,0.07627634331583977,0.02045032801106572,0.002996666332412707,0.10753688529918068,0.07774306833744049,0.005849395964392706,0.023421630851532284,0.009192109071208458,0.15093581025537692,0.0031545803710622223,0.09034263970036256,0.004042626897755422
52,0.0910220985349856,0.020634833086085946,0.003106368975223679,0.04243206242589574,0.09255736732953473,0.0034380051993617884,0.010294393538252303,0.009588200096531134,0.1392956909380461,0.0026773175310441538,0.08028454411970942,0.002561434221110846
53,0.09652177832628552,0.027434992187313344,0.001627481462875087,0.014369905117507043,0.09954489257774855,0.0032766581954140413,0.008220531671356997,0.031169377144818242,0.12943112771762044,0.004935521656941427,0.049656120374014505,0.0017025015794819123
54,0.1001174142094035,0.028037360697788626,0.002102458408396495,0.006721466914505551,0.07642544100159093,0.004599789371959081,0.008117724749210634,0.19639491623169497,0.09650291816184395,0.034272836509013645,0.030146539995544834,0.0016830380528086895
55,0.12414802355985892,0.024548166284435673,0.0026908036149842175,0.0036450292866088843,0.06325192945568185,0.01172012982791976,0.0036342496138164087,0.3395397623902873,0.06798305342856206,0.12513596290036252,0.04776665409046568,0.0010966421870857869
56,0.07266228195083768,0.10008449769137721,0.0018493936084652024,0.0029595672845301266,0.0563676149437302,0.01206984721418274,0.002098199494771267,0.13720004613462247,0.08351772788323854,0.17853260197137533,0.06588396655493661,0.0007656070014682451
57,0.050412215292453766,0.08835958493383307,0.0011536186548734182,0.0015742062088592273,0.05025810385613065,0.0049416004606571634,0.002579252401023711,0.0724683995113561,0.06798580582988889,0.15790096278253354,0.04108613013829056,0.0005398134465059755
58,0.04014016727083608,0.04417653175953187,0.0009280477243009955,0.0009616730538638015,0.0338267607516364,0.0032471402817846914,0.014382619226939584,0.02653849423912011,0.04917848267053303,0.09063303176509707,0.05441528911653318,0.003920695640293783
59,0.033204595117192516,0.04474904184768859,0.000859451621133638,0.0005330841400121388,0.0382168620432678,0.0024052842667228297,0.0127342169932825,0.009165677493193039,0.045450616039727866,0.077619847498442,0.03481910113049181,0.06599148416180949
60,0.03421572566424545,0.041995794757416376,0.002124079951930693,0.00047191241633539135,0.027670127584746008,0.002455581941543833,0.04799801505807983,0.004667483631668514,0.03785026034242228,0.09447832537913009,0.027863314914468088,0.23241124459003148
61,0.03697816008015683,0.040090885797613544,0.006462633818093883,0.0005050535010492528,0.01913838304187122,0.015582761996866841,0.03151077654604849,0.005336963779930221,0.040715790696834266,0.08125680449761842,0.053733235470166334,0.23273342847824097
62,0.06725035294106133,0.019008085695340446,0.008011337792451837,0.0005518392901745086,0.015878470418484586,0.08048467700810809,0.018894899195354236,0.0024963753469484417,0.08753342485349429,0.03599073943731032,0.07029658663821847,0.12578051654916061
63,0.058460885168690434,0.010626794672326037,0.013513905235174062,0.0003512960699337878,0.012655488950641532,0.07781162818795756,0.011989188037420573,0.0016200453147145087,0.10614600797232829,0.017814999299221916,0.031043844346545245,0.1452076035110574
64,0.10692226671074566,0.006176434359268138,0.02335046616529948,0.00043798334234835287,0.011149063853448942,0.3879222901243913,0.01011755905653301,0.0011453432686577894,0.06646573582762166,0.013168590633492721,0.042782649275307595,0.08024801186432964
65,0.16077984124422073,0.0045880890010218875,0.009688796720614559,0.00034294087488792444,0.011780819953664354,0.2052134247986894,0.005666152978512018,0.0011783104457304273,0.06413254416302631,0.035795925724271094,0.08952860097940031,0.05231559291285904
66,0.19777142609420575,0.003918982123171813,0.006181282456964254,0.0003700466408382023,0.011237135696175852,0.12127617334848956,0.0027595859229270566,0.0009100464797627769,0.08366295263955467,0.017027308429150206,0.16924833486738958,0.030676835584209153
67,0.23221160353798614,0.005042184205529721,0.0048023210960979525,0.00026522620005140965,0.010803385245564737,0.051920003110640926,0.0013035291309566482,0.0014840935212927626,0.07301575866969008,0.008482905276315776,0.15129030084139422,0.047950830751735916
68,0.18556941653552808,0.008406528210463492,0.0037307427264750004,0.00037325243006068235,0.01387262476706191,0.036694422119150034,0.0011387933934058406,0.0021668876870535314,0.044965823524092376,0.012636927360864846,0.05346998268444287,0.10133857936843445
69,0.10224654447091253,0.005249982626226388,0.002968256043172196,0.00039684429449200824,0.014860332159227446,0.036462022285712395,0.0009145572227058246,0.0013231468313422642,0.029552694017949858,0.010396105163779697,0.015949273629016,0.1258829140937642
70,0.07170451903029491,0.0036222482725095594,0.0026689036841210175,0.00028605049240133286,0.01671660137607863,0.015628839744941184,0.0008401489911576439,0.0013272637749507435,0.024224711385996717,0.007107289900120936,0.007109926964499448,0.08191289791935369
71,0.04363073202732362,0.0020181789050662986,0.0038509789814461805,0.0002658322681734142,0.021115683362280067,0.006712583702449736,0.0007447137108293214,0.001451360116908817,0.019855127228718055,0.00472069622360562,0.005763854414812829,0.07129362362780069
72,0.03808581113423172,0.0017948228142861474,0.002074033944058771,0.00030049967570352907,0.019462073564921554,0.00451280789351777,0.0010487842496092383,0.0008578223519419369,0.015361403703297439,0.003457887766049489,0.002918988515279795,0.1071588808768674
73,0.03409319341574844,0.003619309447362627,0.0011231797122347512,0.00034659153530619254,0.048718238935658804,0.007158577319626745,0.0006748972717966689,0.0007626357730355506,0.015178360241024117,0.002234914664816307,0.0023048620695542347,0.057550520783192234
74,0.02036639342182561,0.005402559959819834,0.0007880034252976705,0.0010533996116320946,0.06882274582197792,0.006644675030225986,0.00088953504363369,0.000739078650152997,0.013905336590189683,0.0018790415181827388,0.001252241080357252,0.018566187177049488
75,0.013201490926899408,0.007491344794336902,0.0007633055073184598,0.002343851680818357,0.05302658941792814,0.010482264045429858,0.011359438232734408,0.00043819598182668224,0.009768270789400527,0.00172193648024021,0.0010074678713480306,0.004206848661660364
76,0.012870859599819309,0.008807497803660991,0.0005022621174391947,0.002438848473646335,0.03769626252745327,0.010180384288296887,0.13510291866566004,0.00046541147534490416,0.008747533551956477,0.0017460300709660117,0.0008988341034733151,0.0017950137783037988
77,0.01434724868618344,0.0339104119614747,0.0005766871464928906,0.005089713306484842,0.021387532745537004,0.006999529064878037,0.1222667781342017,0.0003959782280665087,0.010049851072069845,0.0016937961979573103,0.0010434887831491466,0.0015259838669168715
78,0.014039652667155391,0.03354467118256971,0.00042724476799393366,0.016515317323960756,0.021318873586623294,0.010897266029037143,0.06404253046371434,0.0005782509964008472,0.02430859404174905,0.0015147091655403767,0.002211485508412711,0.0008637008906685208
79,0.03780885295648324,0.029763087924373776,0.00044602887416993707,0.012264123541842165,0.03870056924949351,0.00830775963779735,0.03568930355341811,0.00031863688491284847,0.18657522756410272,0.0018008739632358285,0.005331490394095645,0.0030634612975470525
80,0.04062460059005963,0.0396305810366022,0.0008536039431898022,0.10747215676268465,0.06910004123653236,0.0040365758437761355,0.043273097051209526,0.00032655866188609873,0.27482949589428146,0.0013991432772998355,0.02033629848033582,0.00385510238304146
81,0.04467344107596498,0.04084772253899198,0.0006858252837494211,0.24308819245350988,0.053831041251358236,0.002875748985005837,0.023349377130599397,0.0002734460791352352,0.28259757082713277,0.0011861387817924353,0.00948762521147728,0.0021405932340329806
82,0.038657784069839274,0.08737797221462977,0.000415456704917903,0.21929113174739637,0.06357689535147265,0.0030906696215664085,0.009518892001850824,0.00045263679547995135,0.2682784670277646,0.005682955131449394,0.005727137549241122,0.0016454221009840502
83,0.021543761617258975,0.11859434490141116,0.0007911464360260748,0.13769847076190145,0.07422878769667525,0.002228566935580028,0.014313069374398574,0.0004621428739291763,0.21869250818302757,0.1335204452227213,0.0026045411298247544,0.001007443900514198
84,0.012618883047252893,0.12659838227064987,0.0032294631696698304,0.03147528310747523,0.09836072729606378,0.0021927702350934084,0.01046081142205941,0.0009005278989207,0.12234266847372055,0.14829522253651367,0.0013421573461719642,0.0015305599586817582
85,0.008479771841513483,0.09132027586824015,0.017331307435310202,0.008392973839746494,0.07230393363064841,0.001388248160334402,0.003702896371434786,0.001060602074415472,0.07663355395197868,0.17180620035842845,0.004068347999188853,0.0038384919753298163
86,0.007845492151222731,0.05155090821024619,0.2165693295629401,0.006901557600174688,0.05130832710940587,0.0013782896781585326,0.0016322548648244456,0.0005864397259612911,0.09936559945344925,0.06632721345675618,0.009688149218594557,0.0009210586017855492
87,0.005621890831542642,0.050586541477394734,0.35820113122463226,0.03693851755049668,0.034624924785212466,0.0010551761431423458,0.0020882710569391123,0.00033468412890981297,0.06935350449853822,0.023594318791047522,0.006307319394851986,0.000589776528374243
88,0.005438308648176883,0.026525087311471764,0.17057590029741587,0.01871347978809162,0.022285282170694126,0.0011411503625200375,0.0042617954895831645,0.0003667875372277769,0.03893089902244116,0.014349815239639659,0.0019816618909029977,0.00041659829807222674
89,0.004453108523433146,0.012563681009372598,0.16064383756173284,0.05052843743837193,0.01868509025754113,0.001086399384994844,0.0020318823088401636,0.00033719322527758777,0.028579773822505223,0.008032815518641942,0.000915519341728405,0.00038705807635683174
90,0.004450436730525996,0.007150119844529974,0.07266580401674698,0.04092539839544579,0.04432340922128213,0.0009851520237708954,0.0007059357318978169,0.00031218001095112413,0.016009355110949593,0.004013465668417905,0.000780675891100576,0.0002929461732396464
91,0.0045887236605937545,0.004664253596657593,0.03768143930325383,0.04797616375512198,0.06335964691089957,0.0008528897275314911,0.0006334934801806843,0.00032186766513500755,0.012273916729578846,0.003278386399247929,0.0005937896325792137,0.00039769885188434273
92,0.004775878238050561,0.004204595369580937,0.04156424163987762,0.04289860739127586,0.04306568019092083,0.0012270296819655126,0.0005264285167581157,0.0003306234062428733,0.012768174325557132,0.002215159903770607,0.0020245019894853038,0.000294054993183205
93,0.005721800396905134,0.0032600903528203305,0.0152330782362505,0.02971934223253476,0.056050875567291915,0.0012673896149192985,0.004721893317764625,0.01232560159443988,0.009869327450073078,0.0026768122762931804,0.0014239795196580847,0.00023315861701695738
94,0.009705788700988418,0.0020025086981293404,0.012569072215180648,0.008475356306390543,0.060246326911606286,0.0012301811335706397,0.038992896529012604,0.3207524516864827,0.007864526497494233,0.027948800918621647,0.001234770847459961,0.00031268872752614126
95,0.008139693006677063,0.0014399715245848423,0.05200193284422552,0.004887830490540517,0.05786660735152269,0.0009463340699623682,0.021915616320544166,0.2321355617360065,0.00784815740036337,0.11064921888081651,0.0010153209089031933,0.0006725925923092291
96,0.007229900134629325,0.0020915753342897483,0.021600111926856794,0.005109053861815482,0.032010941079964765,0.0007536672729704725,0.014998893045183075,0.24064518040732333,0.007156803909885256,0.06013253316479294,0.001030456431755355,0.0018198531370695779
97,0.011230863250890061,0.003618820233417577,0.031293033254577926,0.044109117619595246,0.021628238996000665,0.00080328164040111,0.034498467134605894,0.15015628933906555,0.00713869551882932,0.028412835059785528,0.0012671681140904855,0.006696627666793862
98,0.009047286560464846,0.002040956000870976,0.02985528699661556,0.015654484477923496,0.011723131529594722,0.0010980236907734682,0.1533859972106783,0.06835266089949169,0.0063315250567699734,0.02422303934336493,0.0006780614800702192,0.0034039361328866923
99,0.005899244380232535,0.003753902396726373,0.04819529028119225,0.008352734228154938,0.007724081533715913,0.0010572645283230628,0.0940313180418391,0.0216382716929442,0.006403707654068344,0.014166407814053329,0.00044443161842584803,0.0007060817657283655
100,0.004241286825976874,0.029618996881732817,0.014899135861349734,0.0038856412284076214,0.005618125947780515,0.0009288985625301537,0.03577226405277064,0.006770282309796465,0.013239241499257716,0.008373239996695989,0.0011046145955333486,0.00046424921234383394
101,0.0038995804926870684,0.01436978589596325,0.006612937535943561,0.002623088029825962,0.005972618273900528,0.0010570665610047352,0.015844487609635843,0.003281346638686955,0.0805337505513116,0.01108842499946293,0.0037682588039100857,0.00048168678231855954
102,0.003887620337895657,0.02038413457768528,0.0067448636614962625,0.002649137554200072,0.008244736757325498,0.0009375292268630705,0.008310206050641443,0.005405109994554598,0.045778226548511734,0.011002570929888048,0.04553129501934899,0.0004285402790532987
103,0.005417338315103399,0.03566110381660493,0.018509107807308044,0.005395934439117187,0.004944255354961282,0.0034184072237143197,0.006695056824307693,0.01818903764146135,0.031998390625966225,0.008292893560505226,0.08937220991049942,0.000327200850159371
104,0.003988788450921052,0.03128879213411557,0.007333876301632508,0.002006621449254453,0.003998056630064782,0.02978952746764806,0.002736849347313278,0.012838841324034882,0.05047208041344818,0.0075741000412228076,0.0532860064535941,0.0004606073657908526
105,0.0035148606586613155,0.021188696699314995,0.01182736752334198,0.0006965973696328307,0.0038251593267839205,0.044049951689023724,0.0012770559114869684,0.0426319621098963,0.04092453655443693,0.0028505494180870684,0.06439861340301209,0.0002681005517890873
106,0.0030875882550485826,0.1264560970134641,0.061743539077916035,0.0006603445738284407,0.0037046085528441167,0.1541100202226325,0.001030771867494638,0.027790432109644537,0.051780103607789466,0.0018880877147526725,0.04660959043049891,0.0007658595560841556
107,0.002969806964852308,0.16010874588238566,0.045056100469082594,0.0006822324426856971,0.0035764732594160656,0.11965282888788926,0.0010759964827325586,0.09004109460664422,0.029779630370045964,0.0021051546148220567,0.030717132735605304,0.000394597424785484
108,0.019671589350572935,0.11104028809227441,0.026910371833333845,0.0008140154677676037,0.002720077215742908,0.07654037522642236,0.0005997414256470572,0.11218826825681485,0.012478775687907872,0.0035081458565975098,0.03428301955328176,0.0002960888492740004
109,0.3333543295923032,0.04303530471301392,0.04722673543973973,0.00046788062364181603,0.003094061437111936,0.0885745927103256,0.00045548813068307936,0.05077997830353285,0.008667264427793654,0.007217635290305081,0.05097657667570993,0.00022777875251210245
110,0.2816330892475028,0.052657790089908396,0.0473193481172386,0.003967323006547399,0.0026227999417307345,0.06358253171569422,0.0009543415707364483,0.03670874537017785,0.006810870291175027,0.014030439141941698,0.04585922779025216,0.0005595087802104995
111,0.23296732141783363,0.06997567640715524,0.024867705093990815,0.015532125905768848,0.004603040876406196,0.05859067163577205,0.0006527920279615117,0.015794473455140467,0.005342568908082812,0.07046594605536054,0.043342677043064645,0.0005388819244169434
112,0.22552263070093959,0.03460683193253843,0.06349047180265188,0.01663782438998552,0.015686303940846733,0.07981901238427351,0.0016169238844763879,0.006225720850603753,0.004310430346154853,0.10146198323682735,0.06343439015510835,0.0005800341275875996
113,0.1323459195463281,0.013410687642662148,0.1360227073493757,0.012313135691281212,0.00792520713845366,0.05502834651423128,0.0017954069373540972,0.004337578056086051,0.004131693294958065,0.07130918244978315,0.0348517680295596,0.0007617694936925545
114,0.13848408939022766,0.007240696405795844,0.058814569082307186,0.03003307732165252,0.004215797544211934,0.01664679693548303,0.000646906717999005,0.0020444824507361964,0.0037866271051921344,0.09121509004188211,0.07025648766246281,0.0013678449812639308
115,0.08940098219011959,0.0028905837159407767,0.140438695879359,0.02783169158072652,0.003228513683241449,0.00973635159530922,0.0004906534503740994,0.001261894741267162,0.004323008605033944,0.10642614392073531,0.10163778561706606,0.004515950675244983
116,0.08345342505919306,0.0029011168700986004,0.06630365021134678,0.026156757982741845,0.0029450884566789397,0.005847903348407463,0.0012302380652583547,0.0006546308378394889,0.004103651564372213,0.06054569457314516,0.08122028253580395,0.004530042802032672
117,0.07536191061923378,0.005379226567272685,0.03125931592167992,0.03734088796926172,0.0026352731388454374,0.011443073579453324,0.003495939171683092,0.0005990626714743772,0.0047533880845692595,0.035936240498956884,0.038998404958922615,0.032132211116779795
118,0.062124102915588175,0.007650432789600209,0.012039972775566735,0.016989123407065085,0.002450500731356442,0.1903564853495673,0.006731586245893452,0.0008722689564915766,0.003478167235459152,0.05576875403915581,0.04268606913913237,0.012827531520375296
119,0.05354274299583937,0.0024966307376560414,0.0058898623223955695,0.007220086494558736,0.0024670508604398684,0.08240526836169393,0.0055925250849931645,0.00043281601469253043,0.0037240864966358793,0.02151107489082374,0.011034072548347084,0.005800117781434797
120,0.028014824480602617,0.004246276356034765,0.005294363339137482,0.007516442332416773,0.001887624341945507,0.03176699965996178,0.006126504651834502,0.0004267951528737812,0.003858058351876312,0.02797477783047055,0.005460587293399792,0.001807068067137152
121,0.014801005195630225,0.009347503456458645,0.0020232931925228946,0.006857047868451397,0.002964976605174965,0.030775871519979677,0.006073834824890487,0.001485333076408623,0.0055476820562034845,0.012122516728643524,0.0037932691415526756,0.0008124920928630194
122,0.019926370979335747,0.003774659971608535,0.001918130252498055,0.003482308087098461,0.00296244727398612,0.08420136487601619,0.004041829679504429,0.0010836607673952944,0.006581897933134123,0.007195950798249166,0.001998558968281079,0.00046544373157973354
123,0.010707871620788387,0.002101459659905614,0.0024527065290481246,0.0006939256410604637,0.002090202681230087,0.047946281437026825,0.005996280392680906,0.002205828684198327,0.007973371955909227,0.0030131197938891617,0.001028034234064092,0.00041640997790780504
124,0.0073754583779526385,0.0011558711779990087,0.0020172027442114135,0.0006742675797891264,0.003009454218523675,0.027163739316165447,0.003172973373071536,0.0010733750379203183,0.05301377838967662,0.0015986608571103332,0.000924277015177435,0.0006154160425802203
125,0.00863632735012001,0.0008232517085209685,0.0007449200738368458,0.0006173878577292749,0.004318292154685447,0.01272259178375335,0.006551221500175368,0.0005042167046523996,0.07386439881826702,0.00233637445643054,0.0007512363931470501,0.0006338102700139739
126,0.010882451983266756,0.0008196336934097895,0.0017172455600781465,0.00035147820017300546,0.0030576271605432816,0.008285767974724112,0.00523393350886181,0.00044939328845908965,0.09320838416093274,0.01032155666402296,0.0005050989918680372,0.0002788396557566318
127,0.006115286941885164,0.0008138899911979312,0.000991551626755513,0.00029494415234933654,0.0019835797689953132,0.00477926699616211,0.00269263083311288,0.00031256480111838564,0.14547800762872948,0.004214190081448147,0.005683947579726871,0.00028595918449450677
128,0.00608452503863526,0.0007048067667423503,0.0011664579651551321,0.0003369282663027805,0.001800860933910467,0.0037719920326612496,0.0011842300744702744,0.0002458077107899283,0.19357861500037343,0.001903395591254689,0.027549620393026424,0.00019499151370071463
129,0.006598390148658501,0.0006590847302791907,0.0007890713712090234,0.0002312839408803388,0.001406329800374806,0.0052462861456565165,0.0005616488794514321,0.00024886182080464145,0.3179842610108225,0.0013624546929924307,0.013249749072680348,0.00022892378642848743
130,0.005786822741164973,0.002666193526238203,0.0018536992475243384,0.0001774450306823526,0.002236563356985387,0.0025881613960097496,0.0005064316348197233,0.0008348218363703621,0.3028180348245721,0.0023215903447156676,0.00565960071368241,0.0001880831726961524
131,0.006825770361741122,0.004442244063523647,0.001333843711395993,0.003165496635406989,0.004102923331390086,0.0019033502382961543,0.0003899485638708268,0.0007958065428905876,0.1553870117978046,0.009326578667816264,0.0061810102411790895,0.0003623397918234236
132,0.0049717316011849205,0.0024854122219901335,0.002770081107308598,0.06082346195992278,0.013039036212783111,0.0012700252087884827,0.0008263827499161524,0.0008164571451121255,0.06729950520553087,0.023577125145637087,0.005177786806598306,0.00032685136868263056
133,0.002956431175238992,0.0008678908312791272,0.003620316862667862,0.0781237656544698,0.05768011424592451,0.000845428778312022,0.0008917583641289783,0.0006064177593400114,0.038561561291939335,0.014608839477755521,0.001547083263224187,0.00036180031135077834
134,0.0028701158681590307,0.0008096352731196308,0.003144711199351341,0.22225586756279594,0.2898363772975771,0.000840919242412048,0.0007140517049456799,0.000499669520650059,0.0221034741813415,0.004946337853509344,0.0007878047242564591,0.000215514919163022
135,0.002325765200351414,0.0006232126830390802,0.0016851780635892954,0.12377190727152322,0.5750446805828496,0.001258242714500643,0.0008333112269419393,0.0003474287897054302,0.013190171803886952,0.0019830570151833328,0.0005338107048852468,0.00031508900275711263
136,0.0034658968093265827,0.0006625695249041248,0.0010606631128068425,0.049651033490111955,0.49594753353219284,0.0008482945298677997,0.00046255340337091565,0.00031228223968738397,0.008138598800685844,0.001224213135796354,0.00038269832638386443,0.0003471681472882138
137,0.00845611182433602,0.0008475086667060264,0.0010203153965688359,0.01818477685906385,0.18031758815050125,0.0034274971771274545,0.0004038160626997093,0.000497557567493794,0.008196972751695859,0.0009507494733521813,0.00029333448267272234,0.00021479184253717234
138,0.00433393821463381,0.0010194485765073057,0.0009642617829070476,0.009550921876277579,0.08802415803074837,0.018068096931337527,0.00023349440820502902,0.0011714248914933322,0.007885993017177833,0.0006500305255605398,0.001672613282081377,0.00018253517497980379
139,0.003617596261105255,0.0009530063850290485,0.00033812866757599344,0.004999558398451068,0.07024369859381725,0.030989331070725854,0.00023482717523093974,0.0012337602399240591,0.005351025807230096,0.0006143216313304086,0.0018954253326611298,0.00016369834798081828
140,0.005123750907123873,0.0009461799713072219,0.0004942998095525821,0.0024134280469489135,0.04175891472320808,0.033740512659086994,0.001824065111960456,0.0006486947286727005,0.004805667668973145,0.0011590896894248498,0.0015409989726705182,0.00020325690447383463
141,0.012947918565355633,0.0009016814016688027,0.0003293390128467428,0.001645476771763673,0.01701045793628222,0.013442365967325474,0.004524485621674869,0.00029096364022208085,0.009333816050600848,0.0015404189103528072,0.002551844110712409,0.00017431918393796017
142,0.011878853247157838,0.00044046562183403264,0.0004566267054638286,0.000792710861117628,0.009062313964884532,0.0048786572450281755,0.02595640142987433,0.00023490504865644892,0.02016887522155517,0.0007800890215500994,0.001922472695648474,0.00022082979672919273
143,0.006890463887860901,0.0004596887523994634,0.0007833795492555701,0.00040861454449201887,0.006883719936013222,0.003372438803413197,0.07606718841155893,0.0002536493898093651,0.044713688230043964,0.0005181524366458976,0.008540961804101244,0.00011502111776376536
144,0.004038833767959946,0.00043489799090342497,0.0013866786489655312,0.0003808546347212733,0.005866901679454665,0.0038087158892793874,0.17684215620944374,0.0001726636975562494,0.018031985523473276,0.0007420648333592046,0.01126696382600226,0.0003087299128789087
145,0.0027735763302955186,0.000503966086972995,0.008488567027502301,0.0005876206131161828,0.006229566569489084,0.002891286055704481,0.24327430599614194,0.0001462604454182407,0.010148882596312385,0.0006267266887191095,0.007243984302285274,8.686350127773996e-05
146,0.002863435914102746,0.0007020882468695115,0.005819399577663525,0.00035663566163030307,0.005088921501546314,0.0019027996887943071,0.17345919107135974,0.0004505197265595933,0.006078595834735192,0.0005181417777509379,0.002738701243958387,0.00010694063530536368
147,0.002665229270381755,0.0006769989957224185,0.002176830561917373,0.00044626255648357694,0.005236791875703554,0.0013952871116711513,0.04610375658069786,0.00025593651624053324,0.003845502585662823,0.0003889373558769493,0.0007863245279479184,9.73812127899452e-05
148,0.0021555816423834153,0.0007252068025991321,0.000973707480098758,0.00044014305680512304,0.00500233651530978,0.0007856973832914312,0.04248681978175515,0.00030837128686375524,0.003927643680454869,0.00043962894185250133,0.0004230598156266895,0.00012104138161368227
149,0.002183698883623277,0.0013754129912214059,0.000847750328064553,0.0002504039106210449,0.0033769778858282066,0.0006070621878423385,0.12653598346208272,0.00015339068264247065,0.004908452276140451,0.0005748104227486214,0.0003176702210973752,0.00012884755242818132
150,0.0023299597056680604,0.0051157696871086955,0.00045254876788117384,0.0002470159735438708,0.004002960974742707,0.0015077578810680854,0.039576042835649694,0.0003106242745017976,0.005566035323825322,0.00043667424439550623,0.0003316331870002231,8.555288762803876e-05
151,0.0031602856409000723,0.0041817821513273215,0.00029685852802542384,0.0002911691339441428,0.00698257992534261,0.0017844069439697226,0.013160748468515905,0.0001432500129770855,0.004520368088330878,0.0010380447983104539,0.000237387348438221,8.050890640956105e-05
152,0.014495512507365723,0.0014272538369129364,0.0003354284785210008,0.0003804691583163252,0.007733206387217108,0.0022020998769317216,0.004506049371373497,0.0001451281668299711,0.004138633755868987,0.0013282409582691464,0.00030680387977841556,0.0002834724705041337
153,0.03840612144650597,0.0009868042466941436,0.0002258372030490519,0.00023147504505591075,0.005375216298393513,0.0009368986479545894,0.002285355435512764,0.00030464498520718495,0.0030180601170286536,0.0027291115762445293,0.00018951874287602934,0.00011019977184907092
154,0.12246491191418547,0.0008703341575854115,0.0001970747329515258,0.00016839852277802207,0.00582825359398205,0.0006183962886050148,0.0032170978987491445,0.00015652119365863894,0.0027362594172652614,0.001455295040566278,0.0001916003533743175,0.00010398309754428307
155,0.14545773067756704,0.0005857379552540614,0.0003265994926455039,0.0002477704597128506,0.009699743363614144,0.008393180466220273,0.0022988946875557303,0.00019387933111590284,0.0037121760450597656,0.0006431779137959605,0.00029354507071394965,8.88143857944095e-05
156,0.08794745528384258,0.00041740229598393564,0.0004247271633510919,0.00014843147628677174,0.006732990597619822,0.04889968660120901,0.0012263398461264412,0.00011343000407673811,0.0024181232897956904,0.0006265356940658469,0.00013174685093537462,7.690085945604981e-05
157,0.0782550947838708,0.00036504546005744487,0.00028377288368861437,0.00024469785000148575,0.005887434388952036,0.06425972047605012,0.0007793628189430915,0.00012894469354681574,0.00223712530599809,0.00046526949920103346,0.0002132046605478727,7.563161996490395e-05
158,0.08713482692837715,0.00032559698478220716,0.0003182157942271595,0.0002989018049495491,0.0039880155267095875,0.0777562826773838,0.000771710129859122,0.00010046529381437914,0.0026318392238432638,0.0004865810639641591,0.00018836342764859038,0.00026381653936512423
159,0.05141181292894639,0.0007353888780160464,0.00016546377216735366,0.00031923099978532836,0.002863949471104302,0.11448254514681666,0.0008080861344320798,0.00015780162031756175,0.0028638623066638644,0.00038889823420169324,0.00021877709897173765,0.00012074891722142256
160,0.04176624035952907,0.001647116731251835,0.0006347356301327972,0.0001752176911778454,0.0024470401940083035,0.06947157296695207,0.0008107978409450306,0.00011658594016089889,0.001784352457003766,0.0006697564891318938,0.0001415129629190472,0.00021755095153103436
161,0.04426727630198002,0.01288709442872603,0.0005567221225263845,0.0001634159902766298,0.004246329600726695,0.029649841942285236,0.0029663183560938037,0.00011716030540379794,0.0023867851613383543,0.0008340893377623472,0.00015881256312193153,0.00025019833379988805
162,0.03194814474370919,0.09852573880925775,0.00023756308732309232,0.0001467722127256964,0.006706127847887967,0.012635646142849797,0.01977620395145526,0.00010848669894345988,0.0021858234693737408,0.0008203059827026568,0.0001962487685408345,0.0007656454480112236
163,0.02843759414788924,0.16052793613389918,0.0003074457777792735,0.00013925905085144272,0.005060530169621894,0.007901336538213255,0.011369280547736898,0.00010146364691440555,0.001830435364115003,0.0007176787912612781,0.0005069718961175041,0.001774410160387082
164,0.029174873850455408,0.18708354979753494,0.00025597142054098904,0.00020653273838290356,0.003815834263437673,0.005885054853646771,0.006501557182912764,8.965856709676843e-05,0.0016163214796075696,0.0003729838346388485,0.00042505739034631436,0.06448772639851086
165,0.08320644684135914,0.0877284678189378,0.00020200685800151214,0.0001837023287646987,0.00476505270987553,0.00434943842456529,0.012255028306849693,6.7926546570992e-05,0.0025714282405954834,0.00045196270174959575,0.0002546599567530824,0.6724179324350859
166,0.09623885919388972,0.07186771890050486,0.00025241153152340924,0.00024618839770004054,0.0065385990923172545,0.0025950637860468737,0.07625845498650481,8.527562424301562e-05,0.007598854552366231,0.00030088319832238515,0.00028539295032571415,0.36397958664517654
167,0.06281396393713198,0.06272666342556477,0.00029205723733053004,0.0002556493736368506,0.009945768495335391,0.0015488186342592694,0.08375902600145262,6.969296047923548e-05,0.10903967936572276,0.00033644685754552484,0.00046224546876098767,0.14434457021324257
168,0.02308030279451295,0.04351609153673053,0.00019706288424602367,0.00026214646411397934,0.00719170566452177,0.0019281477342653823,0.05075226763361379,8.307310073225955e-05,0.1257058948670563,0.0002855445046933662,0.00026127291953583295,0.05703186714335492
169,0.014935529962378112,0.05535021522327473,0.0001856327278227055,0.00011587030320170972,0.0028314757908351326,0.002129485550348794,0.013048598702114663,7.763593614646724e-05,0.07534595853403996,0.00042597285171627606,0.00015123624574411414,0.06448991077118799
170,0.009947499725967646,0.18228479357142197,0.0017435192015622498,0.00010633890039906347,0.0027336050560207745,0.0012146275717225905,0.008744187254801784,0.00014795006465742757,0.042393872710435015,0.0009316645752589562,0.00011836658392751001,0.03280992654005164
171,0.00888192486998282,0.09387316535177984,0.0020272021747108453,0.00018675991477242574,0.0021402101142724093,0.0008371700793137087,0.014392672480378104,0.00011511445987516229,0.05055234679266026,0.0007018883862704234,0.00013708152216981704,0.01579835578358095
172,0.006089340785126153,0.0475771324218888,0.0017745327755906864,0.0009990356692900317,0.0014699349841593129,0.0007009438497908903,0.007593498503985374,0.00010393208025274554,0.044578309710088526,0.00041455794646600753,0.00023263473026178727,0.02439681048455991
173,0.005798055937415675,0.015799085364529963,0.004108397480817267,0.0022663880012451522,0.005329691247377349,0.0004547937806867259,0.001947915699259427,0.0001768576880031584,0.02447623314679061,0.0005273999926621878,0.00012307749133661243,0.010579965616527357
174,0.0026129896838316007,0.005337620423616548,0.002759668041682361,0.0017578859344786523,0.016491983723091453,0.0011813235116852937,0.0015747740736084157,0.00017049258626923946,0.016358421086088606,0.0003121205617820746,0.00017750264190621428,0.0034072914552923882
175,0.0020184864008210993,0.005104299297703332,0.003052329859010091,0.0008373713897430877,0.02070190517329856,0.0007080222789418736,0.0007389530227029402,0.00026691534022622935,0.008581580398114104,0.0007013951391471844,9.978770398638996e-05,0.0017382846318038279
176,0.0017364870413745705,0.011816359511086423,0.029105365601074146,0.00037445990662825733,0.01896851325995828,0.0006024622539131853,0.0011483699605665415,0.0010180328390561044,0.00459571884896018,0.0005806789443962962,0.00010778644489044764,0.0009384312817067104
177,0.00142158506634204,0.00465750854805504,0.04541014446141688,0.00023541290169018075,0.007690389983748135,0.0005812894340028594,0.0008628852052712127,0.0020026284818365973,0.0040002287132665515,0.0003241502463903376,0.00018077903529812925,0.0006847963990079925
178,0.002589557543519492,0.002677768459666128,0.13582637886467733,0.0001629688060922107,0.004556465465085287,0.00039067836999157936,0.0013099201368229267,0.011345889999862075,0.0041579730735209425,0.00021192457413570466,0.00020091000777411913,0.0005462870107485765
179,0.0024691153758842695,0.0016189045027682656,0.09270702170110062,0.00027104709251465176,0.003370431711358067,0.000638785827169685,0.004443958758584861,0.16084954365597745,0.008248518956334968,0.00021918197920680731,8.877642157083181e-05,0.0005596823657948622
180,0.0024907914982912572,0.001001580722482973,0.06924840273629677,0.00030028532465190726,0.006005457577932822,0.0006094253384569464,0.011776964275141884,0.2983010619094497,0.005469551506011109,0.00022047706060172794,0.00011234765598170557,0.00036352598966148337
181,0.003976460754577266,0.0011857620311753923,0.03521349898686534,0.00021024816056811497,0.08608198040900261,0.0003581501384216704,0.006466026702822235,0.1437344927536814,0.0038331930010922647,0.00034721448364986206,0.00013784812606325815,0.0169645210262388
182,0.005757391360882474,0.0012036452765306948,0.05131089893218718,0.00017270834704456655,0.1403193305197515,0.00046890109201501077,0.002566506577606656,0.03947072034995807,0.004420406914218084,0.00030179100921438813,8.14137714960931e-05,0.12392487651423405
183,0.004449628544726262,0.0013992439397904825,0.033149220294466146,0.0001050494741464622,0.18189861311724312,0.00038280951067511186,0.0009105532609330686,0.04052347128622626,0.01645750282822471,0.00019103650112428064,0.00010143157822695732,0.09436909285815138
184,0.002880366077940715,0.0008788521089100916,0.0502202145657257,0.00013414172032131128,0.18635266509495282,0.0009096768649454278,0.0017292077850709717,0.05371662297923314,0.01755522902270681,0.00018144506267210665,8.4083922908911e-05,0.09018053423221174
185,0.0021631262191620314,0.000883929019389478,0.044989407810039427,9.874268059655533e-05,0.08076530655747965,0.0006950888874646472,0.001502055644155725,0.09426939114928246,0.03953266413392205,0.00019116332298022156,6.108174018567967e-05,0.16960244194457405
186,0.0015603027331005585,0.0005984133336153862,0.020980316624780625,9.821716900516644e-05,0.0522397360519359,0.0004955968209909962,0.0006189621719960613,0.1688069863931129,0.02001532779908494,0.00019176116965306727,0.0014932515520118422,0.21256432956770846
187,0.0012685115553291613,0.0006710130041220078,0.00783652537134721,8.142015748920752e-05,0.048605201863928846,0.00039399082628446385,0.00044901094071591566,0.12258301685123067,0.01458187817939018,0.00017283537339321092,0.03030714770169365,0.058408806737708416
188,0.0012297122677984206,0.0009273210950931044,0.005873749338972725,6.28169076854216e-05,0.04895816900228199,0.00038231814151482756,0.0003121883170311584,0.06433845674128909,0.007673800457268953,0.00041176730347184564,0.11707947834541924,0.016162932825911986
189,0.0012384082748260546,0.0007159343834868387,0.005252597078460416,8.974370374696599e-05,0.05671984278351853,0.0005821623337013941,0.0003465378785652942,0.051799597316666654,0.004107714312053041,0.00038803316419944167,0.31483668833971024,0.004330688977221909
190,0.0010645875039412395,0.0007120289573274357,0.011678402685854388,9.683375193210515e-05,0.07440506804146264,0.0003862591130248467,0.00024254166246943273,0.032185183838009834,0.003731673656913795,0.0003248635889337349,0.17824840467227132,0.00211222717036052
191,0.0013789701594137832,0.0005871337872170108,0.0074805058064061755,6.985912707597508e-05,0.03827324989987047,0.0005562150817192895,0.0002537624034295349,0.016530278910833755,0.004784831213519762,0.00018318724285468067,0.13672680917539096,0.0011236351381644215
192,0.0010883944066192367,0.0005048508342281964,0.0020320187062392698,0.00012398939074237684,0.04876850040531472,0.0004664444706194397,0.00024994146607289284,0.08030355856508802,0.0029912118273051945,0.0002023338177088207,0.060145570651481024,0.001041903114559031
193,0.002310967210704755,0.0004626175941666588,0.0008599647270258222,0.00011746614109142683,0.018945290265898956,0.000389531236387005,0.00020391491240221322,0.07636940084691894,0.0022604767122845117,0.0001853387404576336,0.051422168255636565,0.0007089000228963988
194,0.0023538328241556883,0.0005140417312137096,0.0008867487945520368,0.004687236642176255,0.01256986550594631,0.0002784106813793953,0.00027833721641831,0.022831330909148642,0.0029976421869114824,0.0001998416450269839,0.01720956106376099,0.0008988849111023898
195,0.0018580350075162162,0.0011256454477245968,0.0005853005959100923,0.10710449013736491,0.020882285763754657,0.0003794411800060372,0.00021684180281131136,0.004564200374787967,0.0026739775815880613,0.00012471574422976884,0.012807880258677821,0.0006408163232998433
196,0.0025733091169968247,0.001227947616778118,0.0008578539364909949,0.08137390037116252,0.05733312646809377,0.00039530622521660437,0.00018627595387730062,0.0031284522479645125,0.0021194057894478504,0.00014550191477419024,0.007432303452668221,0.0007691322672671001
197,0.009377182568545993,0.0005040580137191634,0.007322793772848519,0.0856252085711611,0.02461848510919433,0.0026493361572073283,0.00015466204441556903,0.007200956295587514,0.0018826890675547091,0.0009307276498140326,0.002219145697860145,0.0006690802922668425
198,0.01507706874001183,0.0006467592749303501,0.01351225530838986,0.19477435397474388,0.013071396118520122,0.02437710236316841,0.0001949921072656779,0.00788162576377784,0.0012813440285083886,0.0004092406483036221,0.002760886888656961,0.004984842913568412
199,0.006015851505492863,0.011649475587642212,0.004617000213137975,0.09415091294795275,0.027430661439307426,0.05135232781207091,0.00015800143209114475,0.003953853346358396,0.0017698026801410474,0.0014116336173365677,0.014727440613665078,0.01086129469944066
